{"cameraMode":{"drawMode":0,"name":"Shaded","section":"Shading Mode"},"sceneLighting":false,"audioPlay":false,"sceneViewState":{"m_AlwaysRefresh":false,"showFog":true,"showSkybox":false,"showFlares":true,"showImageEffects":true,"showParticleSystems":true,"showVisualEffectGraphs":true,"m_FxEnabled":true},"in2DMode":false,"pivot":{"x":6.515232086181641,"y":2.360823631286621,"z":5.981792449951172},"rotation":{"x":-0.040371768176555637,"y":-0.9519599080085754,"z":0.14368802309036256,"w":-0.2674572169780731},"size":0.32827624678611758,"orthographic":false}