{"cameraMode":{"drawMode":0,"name":"Shaded","section":"Shading Mode"},"sceneLighting":false,"audioPlay":false,"sceneViewState":{"m_AlwaysRefresh":false,"showFog":true,"showSkybox":false,"showFlares":true,"showImageEffects":true,"showParticleSystems":true,"showVisualEffectGraphs":true,"m_FxEnabled":true},"in2DMode":false,"pivot":{"x":19.986719131469728,"y":7.966428756713867,"z":28.12361717224121},"rotation":{"x":0.030110478401184083,"y":0.9229881167411804,"z":-0.07382039725780487,"w":0.37648943066596987},"size":2.7707626819610597,"orthographic":false}