{"cameraMode":{"drawMode":0,"name":"Shaded","section":"Shading Mode"},"sceneLighting":true,"audioPlay":false,"sceneViewState":{"m_AlwaysRefresh":false,"showFog":true,"showSkybox":false,"showFlares":true,"showImageEffects":true,"showParticleSystems":true,"showVisualEffectGraphs":true,"m_FxEnabled":true},"in2DMode":false,"pivot":{"x":33.93408966064453,"y":10.040188789367676,"z":13.359930038452149},"rotation":{"x":-0.024487987160682679,"y":-0.9514124989509583,"z":0.07848599553108216,"w":-0.29680323600769045},"size":6.751673221588135,"orthographic":false}