{"cameraMode":{"drawMode":0,"name":"Shaded","section":"Shading Mode"},"sceneLighting":false,"audioPlay":false,"sceneViewState":{"m_AlwaysRefresh":false,"showFog":true,"showSkybox":false,"showFlares":true,"showImageEffects":true,"showParticleSystems":true,"showVisualEffectGraphs":true,"m_FxEnabled":true},"in2DMode":false,"pivot":{"x":17.307571411132814,"y":25.479999542236329,"z":-17.36568260192871},"rotation":{"x":-0.24050064384937287,"y":-0.23927751183509828,"z":0.061307091265916827,"w":-0.9387082457542419},"size":0.6282762289047241,"orthographic":false}