{"cameraMode":{"drawMode":0,"name":"Shaded","section":"Shading Mode"},"sceneLighting":false,"audioPlay":false,"sceneViewState":{"m_AlwaysRefresh":false,"showFog":true,"showSkybox":false,"showFlares":true,"showImageEffects":true,"showParticleSystems":true,"showVisualEffectGraphs":true,"m_FxEnabled":true},"in2DMode":false,"pivot":{"x":0.01227271556854248,"y":0.6002899408340454,"z":-0.3872332274913788},"rotation":{"x":-0.08202674239873886,"y":-0.7960938215255737,"z":0.11081533879041672,"w":-0.5892813205718994},"size":0.7086853981018066,"orthographic":false}