{"cameraMode":{"drawMode":0,"name":"Shaded","section":"Shading Mode"},"sceneLighting":true,"audioPlay":false,"sceneViewState":{"m_AlwaysRefresh":false,"showFog":true,"showSkybox":true,"showFlares":true,"showImageEffects":true,"showParticleSystems":true,"showVisualEffectGraphs":true,"m_FxEnabled":true},"in2DMode":false,"pivot":{"x":19.718156814575197,"y":25.246999740600587,"z":-12.745535850524903},"rotation":{"x":-0.09466715157032013,"y":0.0035809550900012256,"z":-0.0003405804745852947,"w":-0.995503306388855},"size":11.017766952514649,"orthographic":false}