{"cameraMode":{"drawMode":0,"name":"Shaded","section":"Shading Mode"},"sceneLighting":true,"audioPlay":false,"sceneViewState":{"m_AlwaysRefresh":false,"showFog":true,"showSkybox":true,"showFlares":true,"showImageEffects":true,"showParticleSystems":true,"showVisualEffectGraphs":true,"m_FxEnabled":true},"in2DMode":false,"pivot":{"x":90.90906524658203,"y":342.2421569824219,"z":1.7571830749511719},"rotation":{"x":0.022007223218679429,"y":0.014220119453966618,"z":-0.00029231258668005466,"w":0.99968022108078},"size":38.06758499145508,"orthographic":false}